{"loss": [1.326157808303833, 0.4321802258491516, 0.2540191411972046, 0.17754226922988892, 0.13288314640522003, 0.10350342839956284, 0.08598630130290985, 0.06835269927978516, 0.06308227777481079, 0.05362110212445259], "accuracy": [0.6062024235725403, 0.8644000291824341, 0.9180454015731812, 0.9422149658203125, 0.9564265012741089, 0.9664556384086609, 0.9720890522003174, 0.9782915115356445, 0.9791450500488281, 0.9824738502502441], "val_loss": [0.4815343916416168, 0.2801956832408905, 0.2083604782819748, 0.13149818778038025, 0.2142086923122406, 0.14536941051483154, 0.12838979065418243, 0.10732955485582352, 0.11171320080757141, 0.09198645502328873], "val_accuracy": [0.8463464379310608, 0.9115638732910156, 0.9349533319473267, 0.9566355347633362, 0.9342135190963745, 0.9540746808052063, 0.9602208137512207, 0.9674482345581055, 0.9660823941230774, 0.9725130796432495]}